f0,f1,f2,f3,f4,f5,label
0.0012301534,0.29874554,-0.27413785,-0.89059186,-0.4546708,-0.9916465,0
0.0601436,1.3402152,-0.4922065,-0.6204749,0.48984206,0.356887,2
0.10541425,-0.930468,-0.029251823,0.6953032,-1.3442146,-0.45761576,0
-1.9012227,-1.2895378,-1.841735,-0.23509113,-1.2674465,0.27126434,0
0.15675108,-0.18693094,-2.5167596,-0.5386929,-0.048500944,0.11330899,0
-1.5301358,-0.47775328,-0.9785191,-0.80883723,1.0608987,-0.8075347,0
-0.032521706,0.8843899,-0.58360046,-0.11170195,0.11046414,0.063781776,0
-1.2250558,0.07614023,1.3588234,-1.5471447,0.8593827,0.119354025,2
-0.6414704,2.0004165,0.7622597,-1.1992888,0.07451623,0.5766896,2
-0.18878213,0.68291026,-0.06651732,0.66724753,1.4385226,-0.6756623,0
0.2031386,-0.4633076,0.12726842,-1.1871946,-0.5793016,-0.19619597,2
0.8987639,1.145222,-1.3235278,-0.7946424,0.6469034,-1.9924198,0
-0.46316987,-0.097286925,1.257015,0.6894039,-0.3272134,-0.3685759,0
-0.2501954,1.5235294,-0.42802495,-0.3036804,0.35258907,-0.12077045,0
-0.19728422,-1.1140672,-0.011521468,-0.44358122,1.1661278,0.6530885,2
-0.024143614,0.66838104,-0.33986956,1.0521264,-0.0053995606,0.58338237,2
-1.2908932,0.34668005,-1.6882042,-2.0353289,-0.3044769,-0.8999276,0
0.1640528,2.2447567,-0.83172315,-0.62394357,0.20540394,0.4930133,2
-0.17640607,-0.20593034,0.702463,0.51990765,-1.0336758,-0.07918132,2
0.035286848,-1.0544846,0.2598391,-0.85795647,0.9720667,0.19274591,1
0.08930649,-0.59102833,-0.11860982,-1.9977463,-1.1314075,0.3628398,2
-2.128567,0.8466085,-1.7460965,0.7567385,-0.845497,0.7789911,0
0.13095121,-1.536835,1.2491487,1.4417071,-0.065804906,-0.27391627,1
-0.15986696,-0.9751523,1.0985868,-0.5428919,-0.051190414,-0.7932964,1
-0.6260731,-1.2777251,1.2570693,-0.15408757,0.96592164,0.013324597,1
-0.6944035,-0.32668525,-0.56023103,0.0079590995,-0.37526685,-0.29992172,0
-1.3785747,-0.8068459,1.6540575,-0.67123324,-1.0540938,0.33732632,2
1.4072722,-1.4540243,-0.20852184,-0.63205254,-1.7610195,0.7349267,2
-0.023443919,0.071441844,-0.75231147,0.45478415,-0.53929734,-0.14290321,0
-1.1082608,-1.2161027,1.3355318,-0.5071047,0.29168037,-0.033790436,2
-0.4411452,-0.507961,0.6300826,-0.3018676,-0.15144365,0.022221558,2
1.1765083,0.680511,0.38260028,-0.5635714,-1.3819687,0.94952995,2
0.9664471,-0.1407084,0.5418838,0.78144306,0.83118445,0.9213835,2
-0.45561764,1.5149729,-1.2465931,0.86172307,0.49393207,0.87361914,0
1.8790083,1.4844455,-1.1451769,-1.6886716,0.81688905,-1.0150124,1
-0.012405389,0.83972746,-1.6437974,-2.1099803,0.259299,0.04438589,2
-0.24580307,0.038534764,-0.8605156,-1.5134944,-0.16665486,-0.9717087,0
-1.6434814,0.5056811,-0.06139863,0.40652853,-0.98929495,-0.65805876,0
-0.99904305,-0.88664186,0.19540791,-0.7829746,0.3560663,0.33975592,2
2.025161,-1.392789,0.8879024,-0.08948796,-0.01402973,-1.4498638,1
-0.4601938,0.74319726,-0.082478374,0.08105437,-0.29071668,1.1545697,2
-0.021472568,-2.2004156,-0.6920726,-1.9687966,-3.2514384,-0.53011537,2
1.3335599,0.047119904,-1.1725457,-0.9406999,1.1306132,0.15762663,1
0.04799924,-0.05346179,0.038400263,0.8054057,0.5525673,0.2157047,1
-1.0428684,0.51110876,-0.6842471,1.0938457,-1.2710508,-0.13762097,0
-0.007358286,-1.3246455,1.7219716,1.4604068,-0.46358377,0.7717212,2
0.37867606,-2.6135595,0.250398,-0.06134408,0.08321735,-1.076875,1
-0.26934704,-0.17825876,1.1880943,0.33442706,-0.0055550304,1.52897,2
-0.5552479,-0.3894303,-1.816755,1.5691059,0.96433234,0.91684806,0
0.66889846,0.11014859,0.21548894,-0.2520066,-0.20360042,0.054303613,1
1.5118295,0.5556879,-0.058460128,-0.5793921,-0.6349985,1.602705,2
0.5066873,0.067550555,-0.34618184,-1.1090534,-0.066861555,0.87365806,2
-0.39253724,-0.22724259,-0.22103435,0.10959437,-1.5930109,-0.23539835,0
-0.8543955,0.884585,-0.77059865,0.57704675,1.5244374,-0.31359625,0
-0.60157627,0.19143225,-0.0020290276,-0.99361634,0.4609194,2.015516,2
-0.25811198,-0.2028762,-1.044932,0.31908846,-1.2469763,-1.106931,0
1.2796673,-0.9054531,1.0813576,1.524358,0.25932646,0.5533914,1
1.952251,-0.19672841,-0.5930058,-1.3532311,0.04170708,1.4791442,2
0.9595954,-0.9420912,-0.8553754,-0.50417125,0.29226807,-0.20531143,1
0.21445395,0.29673937,-0.2987736,-0.04017394,0.20659238,-0.083969705,0
0.50352085,1.8708757,0.5919723,0.055810545,-1.6861186,0.3879571,2
-1.9466784,-1.4090341,0.85463923,0.70623505,-0.149939,-1.7100111,0
-0.37134853,-0.6787383,0.63684076,2.2577305,0.2169305,-0.7793111,0
-1.1705515,-0.05609428,-0.17679319,-1.1515192,0.11635523,-1.1509135,0
1.1121073,1.0626506,1.0847512,-0.47405046,0.5145206,-0.1320695,2
-0.38881207,-0.33914566,-1.2997153,-1.4438637,0.7943148,-0.19123541,0
0.21642485,1.0017104,-1.7331325,-0.7841301,0.17533484,0.3920948,0
-0.37707445,1.0291792,0.21039493,-1.2133821,-0.9307638,0.80547106,2
0.46383145,-1.8990612,1.3477123,0.59802705,1.343343,-0.38370088,1
-0.2957062,-1.1264571,2.5369296,-0.17545423,1.5875332,-0.64729244,1
0.16384119,-1.6713525,-0.38286716,0.98375493,-1.2517438,1.0722276,2
0.3372378,-1.0439509,-0.5015973,-0.45906568,-0.049519338,-0.53614396,1
-0.8272879,-0.3045877,-1.0268897,-1.2895266,-0.048176482,0.88287425,2
-1.5293717,0.0035081515,-0.64995617,-0.97714543,0.85343766,-0.5181697,0
1.4983016,-0.77983934,0.386502,-0.227283,-0.7540218,0.58767503,1
-0.15498257,0.60321057,-0.047291506,-1.0858163,-0.102069244,0.05195517,2
0.95846295,-0.906269,-0.039329853,-1.7218788,0.6514931,-1.081483,1
-1.8063595,-0.059216835,1.105685,-1.524447,-1.0880356,-0.74327487,0
-1.1294967,0.37942788,-0.80736744,-0.72151476,0.5833054,-0.7555146,0
0.4327801,-0.9713852,-1.2121385,-1.8354493,1.8612028,-0.32025903,1
0.24393336,-0.031049509,0.15996176,0.04968648,1.9082171,-1.0389266,0
-1.5574621,-1.0119597,-1.334709,0.7469621,0.8203782,-0.9613156,0
-1.3904358,-0.35479665,1.3911239,-2.8195693,0.52662677,-1.0757552,2
1.0403671,-1.0779239,-0.28541583,-1.5062791,-0.97725785,1.3858391,2
0.8205787,-0.40166816,-0.8701724,-1.8938072,-0.3936567,-0.030903252,1
-0.08405436,-0.093791924,-1.1218096,-0.06627388,-0.03867338,1.290562,2
1.8667334,-0.13698903,-0.7663059,-0.06498213,-0.60762125,-0.7424338,1
-0.05865015,-1.0433044,0.60610676,-0.10391555,0.2500083,-0.18294004,1
-0.72725445,-0.94795954,-0.237276,-0.54876035,0.23390134,-0.004431703,0
-1.3623067,0.0671213,-1.3428605,-0.6164776,-0.2943536,-2.0752733,0
0.09150745,0.15098335,-0.15802419,-0.42431727,-0.37360367,-0.9765395,0
-0.26970038,-0.5526118,0.09168539,-1.2041361,0.2355899,0.14321889,2
-0.14156283,-0.4392048,0.5523399,-1.6646017,0.46045333,0.24303746,2
0.2833763,0.38331258,-0.6536444,-0.25946006,0.6370583,0.43063924,2
0.20671277,-1.5143203,0.5378871,1.169471,1.0096714,0.23387805,1
-1.5576786,0.9425448,-0.14725463,-2.5325196,0.3772074,-1.4921718,0
-1.2964406,-0.63495886,1.2725912,-0.37084535,0.2709916,1.747968,2
1.5940298,-0.10335342,-0.24152102,-1.2608706,-0.69445807,0.42535836,2
0.39573076,0.11023823,0.99480164,-0.772368,-0.05607652,0.731243,2
0.5841459,1.0709457,0.3970204,-0.30940256,0.36219227,-1.0025952,0
-1.6394594,0.5806718,-0.05514033,0.30840963,-1.6976844,-0.36511403,0
-0.5998571,-0.8642121,-2.255015,-0.33487347,0.8973043,0.38099772,0
-0.6009466,-0.014875972,0.75680006,-2.760418,-0.124536544,0.54320014,2
0.6821286,1.7007302,1.1350456,0.31256282,0.301976,0.78694534,2
-0.53932697,-0.040188055,0.90623903,1.9574453,-0.1592673,-0.04840069,0
0.19848019,1.3432037,-0.030313304,1.469359,-0.9666572,-0.18603629,0
-0.19816516,0.7865057,1.0452604,-1.5094444,-0.9151176,0.3368525,2
-0.6586937,-1.5224278,1.0384799,0.4939701,0.4931775,-0.47544572,0
1.0289384,-0.23996,1.0964353,-0.91166514,-0.85413545,0.20466322,2
-0.70233214,0.67545104,0.26008776,-0.9229712,0.0728656,-0.35127768,0
0.9158328,-0.632553,-0.4391731,1.211237,2.2385933,1.9990087,2
0.06322301,0.21885471,1.5334587,-0.12443481,-0.9763491,0.1168756,2
0.45151678,-0.8291496,-1.6462312,-1.4367296,0.6654293,-0.75837654,1
-0.1413471,0.21255869,0.61914086,-0.3349028,0.4987157,-0.8900603,0
-0.36171404,-1.0244156,1.1317673,-0.027083227,-0.73930746,-0.3523718,2
-0.22172847,0.7005198,-1.5956361,-1.0372058,-0.37810725,2.5323057,2
0.9556789,-0.11145168,0.7119996,2.0574362,-0.23374392,-0.36641335,1
1.2119435,0.4941755,0.67133313,-0.5082224,1.9242032,1.7095908,2
0.5659478,0.6842898,-2.0272608,0.6377098,-0.19410859,0.43390572,0
0.6824594,-0.34129176,-1.6904818,0.36787456,-0.7413837,-0.3301941,0
-0.60450983,-0.34157425,-2.309521,1.2169471,0.25334612,1.1113993,0
1.9798418,0.022593122,-1.8024362,-0.89388686,-1.2069045,-0.5018746,1
0.07964798,-2.0021873,0.3424755,-1.5103567,0.29736525,-0.10949115,1
-0.31363124,-0.073043056,-0.539778,-0.61247146,-1.6827564,-0.029627316,2
1.8455337,1.9804951,1.3218176,0.7058016,-0.6764801,1.4427508,2
-0.056127556,-0.06887551,-0.29122713,0.0919619,-0.4352149,-0.083782166,0
-1.0845991,-0.3736637,2.2805564,-0.069594026,-0.23866056,0.53237426,2
0.70812184,-1.1137688,-0.20715879,0.91827583,0.26983762,0.121954046,1
1.5540177,-0.67777276,0.082745895,-0.5200587,1.4903083,-1.9518604,1
-0.6701417,-0.529157,0.66353965,0.6062755,1.3951943,-1.5740328,0
0.750475,-0.29327986,-0.6656252,0.53956854,-0.9201396,-2.0769134,0
-0.3702185,-1.4977709,-0.6489158,0.37155476,0.31199974,1.5868994,2
-0.19965474,-1.5333316,-0.75609684,-0.91938424,-1.2178252,0.4353672,2
-0.6452323,-1.9773728,0.6969228,-0.11142657,0.35683727,0.10572155,1
0.63165474,0.03801875,1.2362025,0.4249828,0.3920676,0.40986693,2
-1.4566377,-0.16463575,-0.2593165,0.20754673,-1.3586942,1.6341147,2
0.10438866,-1.2113175,-1.708887,-0.28128728,-0.08967541,-0.71829206,0
0.09211383,-0.64117575,0.5516583,-0.72454184,-0.038500223,0.97883916,2
2.5716689,-1.0076432,-0.46450776,-0.8398357,0.78432834,-1.1480993,1
-0.48435706,-0.029601283,-0.9786785,-0.95732504,-0.4756229,-2.1004403,0
-1.4454782,-0.41303408,0.14823064,-0.18575999,-1.7739687,-0.4637863,0
0.79843765,0.5558655,-0.07874786,-0.8873699,0.63121635,-0.578929,1
-1.1692485,-0.80218625,1.4483453,0.22018003,1.159247,-0.47933632,0
0.93814933,-0.601504,-0.15742737,2.4863503,0.7671486,-0.5011704,1
-0.08481904,0.32622343,1.2104576,-0.4891331,-1.7413191,-0.2796418,2
0.015385457,0.10953797,1.3166901,0.31668708,0.812917,-1.1011137,0
0.8679015,2.0962198,0.7729093,0.25355572,0.15398818,1.7871423,2
-0.9271815,-0.11110236,0.46020758,0.7440011,-0.4373279,0.3073214,2
-0.27792147,0.120471135,-0.13209154,-1.1415937,-0.021113586,0.87715155,2
-0.9670183,-0.24109174,0.6647801,-1.0698651,0.18263833,-1.0601298,0
1.1346304,2.3128214,2.0222552,-0.21918067,0.74019915,0.12099773,2
0.10210589,1.547757,-1.3191795,1.0552946,-0.048975997,1.4085406,2
0.18723337,-0.672672,0.27714038,0.7359671,0.035763673,0.48803827,1
-0.52167517,-2.133884,0.9000236,0.69915974,0.14817838,0.06841056,1
1.0362958,-0.45710674,-0.7065341,-0.18854988,1.1890972,-1.3871129,1
1.19183,-0.63925284,-1.1007435,1.2600619,-0.09689009,-1.3002343,0
-0.35873306,0.93105245,1.1920742,-0.4270987,0.40632075,0.7140846,2
-0.6446265,0.35503608,-0.031877916,-0.5360244,-0.49214792,0.06703448,2
0.029853487,-0.56548995,-0.4259451,1.1133373,0.21382713,0.88509434,2
1.2018223,0.5888423,2.2708864,-0.82530403,0.8084096,-0.31814396,2
1.8557832,1.7004402,-1.9542112,-0.9688662,0.6643129,0.7898672,1
0.7365642,-0.070865326,0.45512083,0.65302145,-0.07787127,1.027302,2
-2.2594972,0.63379353,-1.0340526,0.9586778,-0.22868443,-0.88878727,0
0.37390214,-0.9113335,-0.9127679,-1.5672944,-0.026707755,0.49682352,2
1.023026,-0.14172786,1.0478553,0.017960975,-0.09328848,0.5735629,2
1.0583928,-0.34143445,-0.24376163,-0.1608314,0.082769126,-0.9004082,1
1.0280061,-0.40040964,0.46244347,-0.8254726,0.35880396,0.391593,2
-0.42068142,2.0208895,0.37103996,1.7769289,0.95913893,-0.6622748,0
-0.38218683,0.43610206,0.06117253,0.04946114,-0.28620496,-1.8084763,0
-0.22543265,-2.2181215,0.37181956,-0.72605777,-0.7154167,-0.2193038,1
0.27267236,-1.4320061,-1.7486012,-1.0660659,-2.0417275,-0.9668496,0
1.590883,-1.0565859,0.65140516,-1.3716348,0.29912016,-0.3197338,1
-0.059812784,0.5687776,1.7562401,0.19470635,0.12435895,-0.9733677,0
0.58333963,-0.24607234,0.83200705,-0.04370645,1.7408557,-1.9829165,0
-0.29659936,0.88148165,-0.35069218,-0.7921731,-0.2658806,-1.3799287,0
0.11895377,2.4404619,1.1450315,-1.1090091,-0.8733411,-0.40472782,2
1.0044161,-0.821487,-0.69023144,0.8847494,0.8646526,-0.37381467,1
-1.1177634,-1.5497448,-0.6989901,-2.2305288,0.7498199,-0.6300307,0
0.48129368,1.8683249,1.1729957,-1.1511348,0.869249,1.1578571,2
-0.74635655,-0.9532969,-0.109691896,-1.6014234,1.470735,-2.4053638,0
-1.1068075,-0.26956517,-0.2270871,0.16612418,0.27144858,-0.21361202,0
1.1368864,-2.1393762,-0.00016451391,-0.7145844,0.13251343,0.22075984,1
-0.9118289,-0.640949,0.79258674,0.34905627,-0.68024844,2.039891,2
2.3091776,-1.4624624,0.30179495,2.5089943,0.78389865,0.22106014,1
-0.20805684,-0.54119426,-0.2125147,-0.5507294,0.74490833,-0.39815366,0
-0.4411515,-1.2021607,-0.049589876,-0.89412165,-0.18075016,1.0418155,2
0.3659249,0.5047253,0.3560909,0.05917573,-0.12732823,-0.30780622,1
0.759117,-1.0842398,1.3407226,0.03407806,-0.7487004,-0.48914608,1
-0.6769904,0.1602065,-0.71784306,1.1421312,-0.781639,-2.272522,0
-0.7309985,-2.008521,-0.03986885,1.059158,0.6477598,-1.3375895,0
-0.7622553,1.7786336,0.3185114,0.0041186926,1.0560626,2.4527411,2
1.2965733,0.13941525,0.35468817,0.6170798,-0.6126985,-1.0587195,1
0.052449085,-0.9472112,-0.061462417,0.09612304,2.3410373,-0.85105,1
-0.121788934,-0.16430289,0.43731055,1.0467243,-0.4904835,-0.821352,0
-1.6407106,-0.9262045,0.53644085,0.04564704,-1.015434,-0.37276748,0
0.031472947,0.5036789,-0.59339434,-0.25044006,-1.8184347,-1.1513858,0
1.6177157,-2.1881406,-0.33780256,0.21919823,-0.37434924,-0.8081575,1
-0.061078534,-0.0049654017,-0.08211741,-1.8777121,-0.14740363,-0.8551127,0
-0.54773587,0.22697477,0.6407288,0.89677733,-0.49641305,0.92400277,2
1.1737275,1.1366379,1.3897679,-0.1456825,-0.17413191,0.8250508,2
-1.3665243,0.20942904,-0.530559,-0.36878905,-1.7415144,-0.8905443,0
-0.02049393,0.8884532,0.9900266,-0.080326475,-0.18928836,-0.8306792,0
0.4023565,-0.247578,0.60588455,1.7516868,-0.032374956,-1.4973545,0
-0.86085045,-1.4581474,-1.1971097,1.3052707,0.22665957,-1.5201744,0
0.65363216,1.2603749,-0.35987455,-0.6759908,-0.33737773,0.28460652,2
0.6399701,1.1822169,1.2124782,1.1854038,1.3619214,0.6613878,2
-1.5309066,-0.13096423,0.3139205,-0.38312626,0.91126084,-0.36021397,0
-0.92574704,1.444299,0.6660043,0.21925378,0.9267091,1.0625342,2
0.3410358,-2.4576614,-0.67558944,-0.45657912,-0.9842009,0.19867744,1
1.1922021,-0.48490557,-1.1348326,2.028035,-0.4514376,-1.2329649,0
0.23767725,0.42568257,-0.7050501,0.79045355,-0.48731944,-0.9229509,0
0.17859086,0.770769,-0.63385147,0.33062556,-0.093491636,2.8244336,2
-0.7085597,1.3841716,-0.05234629,-0.126762,0.7216651,0.8939906,2
1.2670157,0.32865173,-0.6003964,-0.5376461,0.5096532,0.5808999,1
1.3980509,0.41843045,1.0601683,1.5167711,0.16480054,-1.4855586,1
-1.1792771,-1.4378029,1.5915904,-0.8474086,1.2318416,0.5857319,2
1.7152691,1.0030938,-0.10237026,-0.20003045,0.08516772,0.17526095,1
-0.53074366,-0.032628298,1.60932,-1.7021383,0.25848815,-0.9069528,2
0.18703708,0.8398558,-0.05761018,0.77298695,-1.5898395,1.1069891,2
-0.60312927,0.6224081,0.18244809,-2.5855622,-0.7560641,0.22050837,2
1.553976,0.28726828,0.25769588,-1.4126841,1.4311467,1.807077,2
0.028575042,-0.21975705,-1.6190497,0.88332105,2.7022793,0.7171131,1
1.2637035,0.5420873,-0.98501587,1.3366727,-1.2345749,-0.21066491,1
0.27885175,0.88290966,0.41598567,0.3868345,-0.7614881,-1.2893714,0
0.061480667,-0.71019477,-1.3077856,-1.2659465,-0.4901285,-1.8525789,0
-1.3474687,-1.635137,0.18225947,0.40798423,2.0071409,-1.4975297,0
-0.67959696,0.91261137,-0.21677381,-0.32699794,1.7091697,-0.33840615,0
-1.1561949,-1.31694,0.3356943,0.3052416,-1.3717023,-0.98539627,0
0.5347126,0.57726675,-0.6432221,0.6222162,0.5718546,-1.7830818,0
-0.31206375,0.41512558,-0.5730757,-2.1389318,-0.2830147,0.75209314,2
1.5804056,-2.1907825,2.6133213,-1.1271363,0.9569709,1.2341981,2
0.9830173,0.14961848,-1.1614176,0.6265588,-0.71523315,-2.5226948,0
2.8288987,0.70810205,1.8180771,-0.9116228,1.4675028,1.5898691,2
1.5545496,-0.021206332,-1.2024621,-0.1773128,-2.202769,-1.7020124,0
0.09193878,-0.99139845,-0.16444686,-0.10899975,1.930727,1.2976266,2
-0.044872586,1.2088995,-0.77971315,-0.33689702,0.9102243,-1.2416606,0
-0.27898073,-1.3208458,0.11747241,1.6325158,-0.7520969,0.22587949,0
-0.8973219,-1.1495489,-1.2358495,1.4547521,2.3624356,0.4830437,0
-0.716293,0.7048916,-0.33432353,0.80139834,0.29099363,0.27970415,0
0.6072761,-0.57949364,-0.40436783,-1.7212456,-0.44186944,-1.4223326,1
-0.1446812,-0.95763093,0.10123442,0.4532393,-1.4201226,-0.8132791,0
-0.9433119,0.7464934,1.706362,0.85153663,-0.34941894,1.4650064,2
-1.5141077,1.499358,-0.6562142,-2.7802932,2.6508048,1.5780231,2
-1.0318837,0.16900864,-0.21449946,0.1022208,-1.4832864,-0.681494,0
0.46796128,0.22269617,1.1992385,0.079750255,2.3492217,-0.71573156,1
0.2593324,-1.9163179,-1.2531332,1.328526,-0.9428028,0.5306752,1
-0.061770856,-1.044549,-0.3482493,-0.51423365,-0.48736587,0.7536082,2
0.6523445,-0.5774257,-0.9071028,0.28233734,-0.10001541,1.0282824,2
2.6552935,0.8429244,-0.03473027,-0.17204396,-0.8566941,-0.9066728,1
-1.0034155,-0.39533517,-0.42714345,0.7437307,-0.398999,-0.19744971,0
-1.218274,1.6445756,0.50698644,1.7888732,0.7968858,1.489636,2
-0.24848753,0.7171608,2.7055063,-1.2235345,1.1762689,1.6979442,2
0.4211276,0.7652124,1.2796345,-0.6702952,0.4174117,-0.88800496,1
-0.69124705,-0.63156277,-0.14626828,0.14977564,0.46303317,-1.4509087,0
2.0267754,1.1835289,0.74356276,-0.3665304,-0.091306664,0.5611664,2
0.42143998,-1.7210624,0.75927925,2.9882476,-1.8932899,1.0196776,2
0.37850198,-0.11441522,1.4070157,-1.2135963,0.16709499,1.5019547,2
-0.20209855,-0.42926303,0.117977224,-0.45675534,1.5891688,-0.93184775,0
0.8969313,-1.2866838,0.6875724,-0.10779947,-2.6551619,-0.006143153,2
-1.0967838,-0.4567815,1.5815518,-1.148581,-1.0899504,1.4808829,2
0.11919692,1.5847309,0.3326074,-0.9070647,-0.06816737,1.2641284,2
0.9675052,0.0009115321,0.05014367,-0.11570044,-0.5946672,1.9858798,2
0.00739317,-1.1629092,-0.49041754,0.74681985,0.6595594,-0.14099903,1
-0.68725693,0.024582122,-1.7206875,-1.3384432,0.82139957,-0.4927688,0
0.38548392,1.2525926,0.6679125,0.021189654,2.1879818,0.6864988,2
-0.36446035,0.75269675,0.41934648,-0.879986,0.0750152,-0.1696242,2
-2.0215523,-0.17725146,-0.29105535,-0.45063934,-1.6910968,-0.36465,0
-0.04080209,0.10479554,-1.1673596,0.65022665,-1.2496713,-0.23004122,0
1.3416587,-0.7117573,-0.5250017,1.103353,-0.3947135,-0.3052564,1
0.22735868,1.0784191,-2.264626,-0.85117114,-1.0349134,-1.1144135,0
-0.8777835,-0.8615483,0.30921605,-0.9121277,0.12558427,0.41142058,2
-0.7480532,0.13387617,1.6775191,0.33005396,-0.65297943,-0.06652061,2
-0.937942,0.2771362,0.88244915,-0.83794427,-0.21394384,1.1372962,2
-0.50848573,0.1921025,-1.0461308,-0.8367858,-0.5234632,2.17632,2
-0.40905014,-0.52995867,-0.5631935,-0.16560236,0.6559301,0.18949044,0
2.0578146,0.21379444,1.4474041,0.2767111,0.6055815,-1.4435999,1
-0.12705944,-0.06894774,-0.24295701,-2.1528785,0.8806245,-0.38715032,1
-0.4380713,-0.25517145,-0.22807918,0.4070984,-1.2710322,-0.9310421,0
0.2906333,0.14558281,-0.3766548,-0.5739124,-0.8344247,-0.058355164,2
1.1807325,-1.0580508,1.523318,0.84398144,-0.45296374,0.78307486,2
-1.4659034,-1.7315749,-1.2897823,-0.40974647,-0.32540998,-0.51514244,0
0.09942269,-2.135154,0.4953494,-1.4193006,-0.6608506,-0.41285047,1
-1.1562107,-1.3709997,-1.0060817,-0.011923642,0.58998215,0.56423515,0
-0.99449104,-0.79157716,-0.92060316,0.44981232,-2.0374203,1.2383393,2
-0.48480487,-0.7835249,0.3394538,1.032619,0.34258327,1.0527445,2
0.13435882,1.2296386,1.24516,-0.09947879,1.4392059,0.16473371,2
0.08689322,-0.9214737,-0.28878,0.77758276,-1.3126469,0.649624,2
0.34861594,0.27756143,-2.2064922,-0.10324292,0.64826,-0.76295495,0
0.0903067,-2.3780732,0.67139304,-0.6624328,0.87135696,-1.8427863,1
0.6922674,-0.23693928,0.8076038,-0.9257098,-0.618457,2.2424514,2
-0.8299521,-0.7060272,-0.27658203,-1.0225587,1.1904567,1.7250133,2
-0.7041061,-1.7260321,1.1719773,1.1083906,0.8216592,1.1565114,2
-0.8675253,-0.16849642,-1.3841096,-1.4181628,0.98110133,-0.67191327,0
2.2795715,0.07418011,-0.6404248,0.7978852,1.8012624,0.48613095,1
-1.2171452,0.3710028,1.3755981,-0.49324095,-0.77364194,1.0164479,2
0.13996774,-1.1025422,-0.37974662,-0.7556625,0.29626867,0.10968451,1
1.150447,0.70966506,-1.563534,0.40699053,0.8969323,0.45587927,1
1.0300597,-0.549577,-0.95083183,0.93007004,-1.0654646,-2.1595376,0
1.0252999,-0.72418493,-0.30606622,-1.3979794,-1.3255275,-1.1565888,1
-0.36064985,0.36999908,-2.2978113,0.7521732,-1.1819981,-1.0663117,0
0.6778554,-0.07463393,-1.5364338,1.8445927,-0.86062163,0.24731596,0
0.19989035,1.4113271,-0.45566884,1.0080897,-0.74188954,1.1221288,2
-0.76298463,-0.3622091,1.8959665,0.3169714,0.10975897,2.2420492,2
0.36135668,-0.8161373,0.734628,-1.1816809,1.1283165,1.2059778,2
-0.5729592,-0.62790185,0.17650427,0.014155151,-0.9776876,0.5680879,2
-2.0418756,-0.43285945,-0.40394098,-0.27326554,0.30722392,-1.2280225,0
0.5885151,-0.18015401,-0.6502161,-1.3668262,-1.1831093,0.36032477,2
-0.9638491,0.064198695,1.061983,1.0326426,1.5603969,-0.29629332,0
-1.085149,1.0205255,0.30960384,1.1239506,0.011056071,1.195646,2
0.84638745,0.7164209,0.5035229,0.397699,0.2330358,0.22590624,2
0.9901946,-0.5119797,1.7356851,-0.106242545,0.9853822,-0.09024119,1
-0.246666,2.0322416,-0.3093448,-1.2772168,-0.7140822,-0.31722796,0
2.155192,0.20675594,0.9347134,-1.0015999,0.3526083,0.67147833,2
1.8016269,-0.69627047,0.60348946,0.3025839,-1.0217147,-0.019456236,1
-0.2634749,-2.3253655,0.5986691,0.54024345,-0.4389348,-1.3385619,0
1.4798808,0.2659993,1.0167013,1.4103218,-0.5209068,0.81215453,2
-0.24114901,-0.062548645,-0.08561562,-0.0013189325,1.1139601,0.12382753,0
-0.15373275,-0.27653724,0.34131414,-0.8948681,-0.5026584,-0.052280582,2
-0.5658483,-0.11847615,-0.61077684,2.0039577,1.3290608,0.44995216,0
-0.053618517,2.1907642,0.3229529,-0.08684551,0.30312636,0.30594322,2
1.4103177,-0.018964693,2.099325,-0.88202125,0.6940502,-1.0018268,1
1.817101,-0.33056545,-0.058189273,0.9242369,1.2553407,-1.1118768,1
-0.34615898,-1.3949233,0.13730516,-0.10137253,-0.34893402,-0.68446136,0
-0.38590646,-0.74639535,0.52896184,1.5159501,-1.9307241,-0.11596752,0
-0.41817176,0.49236858,-0.951767,-0.14643583,-1.0395921,0.69669783,2
0.09927463,-0.16147457,0.37018794,-0.24648331,-1.553821,0.5957304,2
0.28827018,-0.1540796,0.9849249,1.2184956,-1.0922827,-0.7810761,0
1.5472851,1.4188519,-0.7383931,-1.1807101,-0.6375676,-0.4981164,1
-1.5840658,0.031167252,-1.2801789,-1.2103896,0.9161064,-0.6831893,0
-0.071471184,0.6290963,0.8132241,-0.33702013,0.04411748,-0.825406,0
1.7473797,0.6499498,-1.1032398,0.004057969,0.7135517,0.47941098,1
1.8291701,1.3723191,-0.53930646,-0.0891805,-1.2815413,0.24945298,2
0.15102106,2.7034829,0.097575106,-2.0932524,-0.6720865,0.11234921,2
-1.2560153,-0.8672077,-0.3656358,0.34181163,-0.16534202,-0.8892325,0
0.7876812,-0.53963745,-0.49930885,-1.3796515,-0.78601575,0.6517716,2
-1.6176552,-0.0711737,0.71772504,-0.3771086,0.23979051,-1.116794,0
1.3102779,1.1010504,0.23549908,-1.7550789,-1.0459623,0.97670305,2
1.713121,0.29661545,1.247319,-0.6077617,-0.18938716,0.0011479036,1
0.42309675,-1.5288095,0.94066685,1.3225466,-1.1487352,-1.3553396,1
0.35056013,-0.6543119,-2.3708296,0.8085835,0.15559442,-0.476647,0
2.1134443,0.13890426,-0.75343007,0.10115181,-1.0400692,-0.76170677,1
0.3863628,-0.5541982,-0.45097408,1.6689448,0.85964876,0.8028258,1
0.5288167,0.48420155,1.4565849,-0.019545985,1.8555142,-0.95140165,1
-0.2550377,-1.3785963,-0.343773,0.51844245,1.4512469,-0.6633275,0
0.0053044735,-0.3592104,-0.73859996,-1.1893795,0.060661167,-1.732065,0
0.110543154,0.020951936,-0.6577503,-1.0109036,-1.3843073,1.8713284,2
-1.3419721,1.5577023,0.6001648,-0.36402097,-1.1570768,1.0424935,2
1.7296512,-0.9340244,-0.29874521,1.0516238,0.33578336,1.9999609,2
-0.5701445,0.5422912,-1.2509279,2.0958917,-0.73034084,-2.207967,0
-0.12576403,-0.13943063,1.9155716,-0.33881965,-0.012643744,0.59343886,2
1.5862707,-0.06322961,1.039478,0.5180846,-0.29623532,0.07755444,1
0.028673878,-0.9160246,1.2136807,-1.3856202,1.1711689,0.9544193,2
-0.09304926,-0.76544434,-0.22642508,0.47277465,0.74305844,0.28691897,1
0.99213636,-0.55743456,0.2345764,-1.5683458,0.76362664,0.15317625,1
-0.41557416,1.1615424,0.6915262,-2.8163943,0.03988325,-1.455024,0
1.0666599,2.4890747,-0.5185335,0.07457915,-0.25103357,0.35081312,2
0.644549,1.2871939,-0.98742133,1.5716348,-0.93151385,0.2770887,0
1.1585766,0.7131987,-0.93857497,-0.7019236,-0.4623309,-0.05116928,1
1.1469532,-1.2918115,0.4667015,0.6099724,0.5582887,0.46630633,1
1.5183182,0.48780835,0.8569592,0.5635465,1.7931129,-1.8998047,1
1.2821085,-0.26103076,-0.28071687,-0.96947676,-1.8686955,-0.38189486,1
-0.6872933,0.49417397,-1.4722625,1.4316132,0.27193385,-0.24790269,0
-0.70942336,-0.78720707,-1.1300871,-0.5443607,0.006050415,-0.17736346,0
-1.4144878,-0.26582825,-0.89318293,0.15988219,1.8646519,0.6250227,0
-0.31311995,-1.6248832,-1.4147243,-1.6867234,0.7259685,-0.76506937,0
0.06260026,-0.62201416,0.091196544,1.4016771,-0.68494594,-0.34095535,0
-0.8063439,0.8745749,-1.0257171,-1.1329832,-1.387663,-1.4084735,0
0.47089434,2.569125,-0.9953763,0.95154583,0.25110704,-1.1020225,0
-0.27669954,-0.23291668,-0.6907019,1.9306068,-1.9061205,0.38103646,0
0.3315245,-0.5796162,0.14950286,0.87760496,0.15273513,0.41732532,1
0.6929119,-2.032056,1.4783782,2.2783039,0.980795,1.0136646,1
-1.408247,-0.11842837,-0.8120438,-0.58719426,0.9670369,-0.8039006,0
-0.1301013,-1.9085808,-0.158432,0.09001676,-0.70479023,-0.7198868,1
1.8864229,-1.2097443,-1.0506171,-0.80901045,1.198819,2.1015425,2
0.33217585,-0.717318,-0.42773235,1.0648123,-0.9110679,1.4529467,2
1.4165782,0.07020801,0.64612997,0.74974597,1.5542101,-1.0514518,1
1.1812047,-0.375228,-0.767761,0.102672435,-0.2143443,-0.987493,1
-1.5973305,-0.9420949,1.4523572,1.9625695,0.65011644,1.1859255,2
-0.51683295,-0.07715168,0.28276473,-1.0812895,-0.98994416,0.097177304,2
-0.32030392,-1.0635568,0.38653213,-0.2632793,1.021354,-0.0051811016,1
-0.30030647,0.12767318,-0.17198345,-0.66804606,-0.40195608,0.74941903,2
0.64651674,1.2862278,-1.692994,-0.39309067,-0.41457534,0.17177251,0
-0.45215726,-0.513183,0.7829749,0.17808752,-1.1663641,1.3345063,2
0.996752,-0.57395965,0.8312804,-0.7351632,1.1256984,-0.21783124,1
-0.8028424,-0.3731044,-0.7658304,0.19213966,0.17510523,0.035802964,0
-0.5566155,-3.6610818,0.09283561,-1.8962344,0.24418835,1.1307937,2
0.27388564,-0.3894366,-0.17987761,-0.13306263,-0.5492416,-0.58378947,0
-0.92389596,1.1881622,-0.015553273,0.9562714,-0.25005105,0.07216775,0
-0.17038265,0.46283606,0.82663566,0.23970462,-0.67381614,-0.77995384,0
1.6591705,-0.28003767,-0.29110214,1.4650074,1.0878612,0.5338379,1
-0.39939654,2.3531976,0.39297378,0.5469855,-0.17110613,-1.4143075,0
-1.3347621,0.4069782,0.39182943,-0.23999833,-1.1716838,-1.4416579,0
-0.32785067,-1.4561279,0.89891535,1.1526648,2.829034,0.8783175,1
-0.5928496,-0.871665,-3.451728,-0.59488916,-0.17697388,0.96780723,0
0.61160016,0.58834976,0.2136276,0.66091,1.4476,-1.0648769,0
-0.4573004,-1.3885316,1.6186603,1.2968692,0.75228417,-1.1985514,0
0.1729448,-0.23463936,0.08082705,-0.18811813,0.51995283,-0.39483988,1
0.8545705,0.24139486,-0.29307616,-0.11185337,-0.4405874,0.813884,2
-0.2714645,0.2948904,-0.3924046,-1.4851018,0.9061044,-1.0581266,0
0.67916095,0.42015278,-1.6560334,-0.9446816,-0.5141006,-0.82071805,0
